id,teens,book,unit,unit_title,lesson,source_kind,source_description,theme_code,theme_pt,theme_en,topic_sentence,grounding
t1-u1-1a-R,1,Life 1,1,Hello,1a,Reading,dialogues about introductions,i,"Identidade, família e sociedade","Identity, family and society",A friendly hello makes a new student feel welcome.,book
t1-u1-1b-L,1,Life 1,1,Hello,1b,Listening,simple bios about people,i,"Identidade, família e sociedade","Identity, family and society",A short bio gives us the most important facts about a person.,book
t1-u1-1c-R,1,Life 1,1,Hello,1c,Reading,online class posts,i,"Identidade, família e sociedade","Identity, family and society",Online class posts help students share ideas.,book
t1-u1-x1,1,Life 1,1,Hello,,,"This unit is about meeting people and sharing personal information, such as where we are from.",i,"Identidade, família e sociedade","Identity, family and society",Saying your name clearly helps people remember you.,unit_theme
t1-u1-x2,1,Life 1,1,Hello,,,"This unit is about meeting people and sharing personal information, such as where we are from.",i,"Identidade, família e sociedade","Identity, family and society",Practicing English with a new friend helps you feel less shy.,unit_theme
t1-u1-x3,1,Life 1,1,Hello,,,"This unit is about meeting people and sharing personal information, such as where we are from.",i,"Identidade, família e sociedade","Identity, family and society","Meeting people online is easy, but meeting them in person is better.",unit_theme
t1-u1-x4,1,Life 1,1,Hello,,,"This unit is about meeting people and sharing personal information, such as where we are from.",i,"Identidade, família e sociedade","Identity, family and society",A name can tell a story about a person’s culture.,unit_theme
t1-u1-x5,1,Life 1,1,Hello,,,"This unit is about meeting people and sharing personal information, such as where we are from.",w,Trabalho e estudo,Work and study,Students learn faster when they talk to each other.,unit_theme
t1-u2-2a-R,1,Life 1,2,My world,2a,Reading,a social media post about a day out,l,Lugares e viagens,Places and travel,A day out with friends is better than a day at home.,book
t1-u2-2b-L,1,Life 1,2,My world,2b,Listening,a conversation in an online class,i,"Identidade, família e sociedade","Identity, family and society",Online classes are good for busy students.,book
t1-u2-2c-R,1,Life 1,2,My world,2c,Reading,a quiz about countries,l,Lugares e viagens,Places and travel,A quiz is a fun way to learn about countries.,book
t1-u2-x1,1,Life 1,2,My world,,,This unit is about places around the world and our own countries.,l,Lugares e viagens,Places and travel,Every country has famous places that visitors love.,unit_theme
t1-u2-x2,1,Life 1,2,My world,,,This unit is about places around the world and our own countries.,l,Lugares e viagens,Places and travel,Learning about other countries makes us more curious.,unit_theme
t1-u2-x3,1,Life 1,2,My world,,,This unit is about places around the world and our own countries.,l,Lugares e viagens,Places and travel,Maps are better than photos for finding a place in a new city.,unit_theme
t1-u2-x4,1,Life 1,2,My world,,,This unit is about places around the world and our own countries.,l,Lugares e viagens,Places and travel,Trying food from other countries is a fun way to learn about their culture.,unit_theme
t1-u2-x5,1,Life 1,2,My world,,,This unit is about places around the world and our own countries.,l,Lugares e viagens,Places and travel,It is better to travel with friends than alone.,unit_theme
t1-u3-3a-R,1,Life 1,3,Family and friends,3a,Reading,an article about a famous family,i,"Identidade, família e sociedade","Identity, family and society",Being famous has good sides and bad sides.,book
t1-u3-3b-L,1,Life 1,3,Family and friends,3b,Listening,someone talking about important people in their life,i,"Identidade, família e sociedade","Identity, family and society",Good friends help us in many ways.,book
t1-u3-3c-R,1,Life 1,3,Family and friends,3c,Reading,accounts of New Year celebrations around the world,i,"Identidade, família e sociedade","Identity, family and society",New Year is the best celebration of the year.,book
t1-u3-x1,1,Life 1,3,Family and friends,,,"This unit is about our closest friends and family and the experiences we have with them, especially celebrations.",i,"Identidade, família e sociedade","Identity, family and society",Celebrations are more fun when friends are together.,unit_theme
t1-u3-x2,1,Life 1,3,Family and friends,,,"This unit is about our closest friends and family and the experiences we have with them, especially celebrations.",i,"Identidade, família e sociedade","Identity, family and society",Birthday parties are better at home than in a restaurant.,unit_theme
t1-u3-x3,1,Life 1,3,Family and friends,,,"This unit is about our closest friends and family and the experiences we have with them, especially celebrations.",i,"Identidade, família e sociedade","Identity, family and society",A good friend listens to you.,unit_theme
t1-u3-x4,1,Life 1,3,Family and friends,,,"This unit is about our closest friends and family and the experiences we have with them, especially celebrations.",i,"Identidade, família e sociedade","Identity, family and society",Special days are important in every culture.,unit_theme
t1-u3-x5,1,Life 1,3,Family and friends,,,"This unit is about our closest friends and family and the experiences we have with them, especially celebrations.",i,"Identidade, família e sociedade","Identity, family and society",A message to a friend can make their day.,unit_theme
t1-u4-4a-R,1,Life 1,4,Places,4a,Reading,an online city map,l,Lugares e viagens,Places and travel,An online map makes a new city easy to explore.,book
t1-u4-4b-L,1,Life 1,4,Places,4b,Listening,transportation information,l,Lugares e viagens,Places and travel,The bus is the best way to travel in a big city.,book
t1-u4-4c-R,1,Life 1,4,Places,4c,Reading,reviews of tourist attractions,l,Lugares e viagens,Places and travel,Reading reviews helps you choose a place to visit.,book
t1-u5-5a-L,1,Life 1,5,Hobbies,5a,Listening,a conversation about sports,s,"Saúde, esporte e aventura","Health, sport and adventure",Playing sports is more fun with friends.,book
t1-u5-5a-R,1,Life 1,5,Hobbies,5a,Reading,an article about a cycling club,s,"Saúde, esporte e aventura","Health, sport and adventure",Joining a club is a great way to make friends.,book
t1-u5-5b-L,1,Life 1,5,Hobbies,5b,Listening,hobbies and interests,i,"Identidade, família e sociedade","Identity, family and society",A hobby makes free time more fun.,book
t1-u5-5c-R,1,Life 1,5,Hobbies,5c,Reading,an article about an amazing artist,a,"Arte, mídia e cultura","Art, media and culture",Art can make a city more beautiful.,book
t1-u6-6a-R,1,Life 1,6,Daily life,6a,Reading,articles about a day in Lagos and a night in Chile,l,Lugares e viagens,Places and travel,A city is more exciting at night than during the day.,book
t1-u6-6b-L,1,Life 1,6,Daily life,6b,Listening,conversations about food in the Philippines,i,"Identidade, família e sociedade","Identity, family and society",Trying local food is the best part of a trip.,book
t1-u6-6c-R,1,Life 1,6,Daily life,6c,Reading,an article about seasons in Canada,p,Planeta e natureza,Planet and nature,Winter is the best season for outdoor fun.,book
t1-u6-Opener-L,1,Life 1,6,Daily life,Opener,Listening,the seasons,p,Planeta e natureza,Planet and nature,Spring is the best season for outdoor activities.,book
t1-u7-7a-R,1,Life 1,7,Work and study,7a,Reading,an article about an unusual job,w,Trabalho e estudo,Work and study,An unusual job can be more fun than a normal job.,book
t1-u7-7b-L,1,Life 1,7,Work and study,7b,Listening,a description of an online classroom,w,Trabalho e estudo,Work and study,Studying online is easier than studying in a classroom.,book
t1-u7-7c-R,1,Life 1,7,Work and study,7c,Reading,an article about helping tigers,p,Planeta e natureza,Planet and nature,We should protect tigers because they are in danger.,book
t1-u7-Opener-L,1,Life 1,7,Work and study,Opener,Listening,an interview about jobs,w,Trabalho e estudo,Work and study,The best job is a job you love.,book
t1-u8-8a-R,1,Life 1,8,Vacations,8a,Reading,an article about things in a travel writer’s bag,l,Lugares e viagens,Places and travel,Packing light makes a trip easier.,book
t1-u8-8b-L,1,Life 1,8,Vacations,8b,Listening,a conversation about planning a trip,l,Lugares e viagens,Places and travel,Planning a trip together is part of the fun.,book
t1-u8-8c-R,1,Life 1,8,Vacations,8c,Reading,travel websites,l,Lugares e viagens,Places and travel,Travel websites make it easy to plan a vacation.,book
t1-u8-Opener-L,1,Life 1,8,Vacations,Opener,Listening,interviews about vacations,l,Lugares e viagens,Places and travel,A beach vacation is better than a city vacation.,book
t1-u9-9a-R,1,Life 1,9,Past events,9a,Reading,a quiz about “firsts”,m,História e mistérios,History and mysteries,Quizzes are a fun way to learn about history.,book
t1-u9-9b-L,1,Life 1,9,Past events,9b,Listening,a podcast about heroes,m,História e mistérios,History and mysteries,Everyday people can be heroes too.,book
t1-u9-9c-R,1,Life 1,9,Past events,9c,Reading,news stories,a,"Arte, mídia e cultura","Art, media and culture",Reading the news every day is a good habit.,book
t1-u9-Opener-L,1,Life 1,9,Past events,Opener,Listening,a monologue about immigration in New York,i,"Identidade, família e sociedade","Identity, family and society",Moving to a new country is hard but exciting.,book
t1-u10-10a-R,1,Life 1,10,True stories,10a,Reading,an article about Ötzi the ice man,m,História e mistérios,History and mysteries,Finding very old things helps us learn about the past.,book
t1-u10-10b-L,1,Life 1,10,True stories,10b,Listening,a podcast about a film director,a,"Arte, mídia e cultura","Art, media and culture",Making a movie is a hard job.,book
t1-u10-10c-R,1,Life 1,10,True stories,10c,Reading,an article about a trip to Madagascar,l,Lugares e viagens,Places and travel,A trip to see wild animals is an amazing vacation.,book
t1-u11-11a-R,1,Life 1,11,My weekend,11a,Reading,a text about a photo project,a,"Arte, mídia e cultura","Art, media and culture",A photo can tell a story without words.,book
t1-u11-11b-L,1,Life 1,11,My weekend,11b,Listening,an interview with a storm chaser,p,Planeta e natureza,Planet and nature,Chasing storms is too dangerous.,book
t1-u11-11c-R,1,Life 1,11,My weekend,11c,Reading,an article about helping neighbors,i,"Identidade, família e sociedade","Identity, family and society",Helping neighbors makes a street a better place.,book
t1-u12-12a-R,1,Life 1,12,Plans and dreams,12a,Reading,a post about a visual bucket list,w,Trabalho e estudo,Work and study,A bucket list helps you plan fun things to do.,book
t1-u12-12b-L,1,Life 1,12,Plans and dreams,12b,Listening,voice messages about events,i,"Identidade, família e sociedade","Identity, family and society",A voice message is better than a text message.,book
t1-u12-12c-R,1,Life 1,12,Plans and dreams,12c,Reading,an article about playgrounds,i,"Identidade, família e sociedade","Identity, family and society",Every neighborhood needs a playground.,book
t2-u1-1a-R,2,Life 2,1,People,1a,Reading,an interview with explorers in Botswana,p,Planeta e natureza,Planet and nature,Exploring wild places is exciting but dangerous.,book
t2-u1-1b-L,2,Life 2,1,People,1b,Listening,three descriptions of families in film,i,"Identidade, família e sociedade","Identity, family and society",Movies about families can teach us about other cultures.,book
t2-u1-1c-R,2,Life 2,1,People,1c,Reading,an article about world population,i,"Identidade, família e sociedade","Identity, family and society",A big population is a problem for the planet.,book
t2-u1-x1,2,Life 2,1,People,,,"This unit is about people, personal information, personal descriptions, and family and friends.",i,"Identidade, família e sociedade","Identity, family and society",First impressions are not always correct.,unit_theme
t2-u1-x2,2,Life 2,1,People,,,"This unit is about people, personal information, personal descriptions, and family and friends.",i,"Identidade, família e sociedade","Identity, family and society",A person’s hobbies say more about them than their looks.,unit_theme
t2-u1-x3,2,Life 2,1,People,,,"This unit is about people, personal information, personal descriptions, and family and friends.",i,"Identidade, família e sociedade","Identity, family and society",Famous people should be good examples for young people.,unit_theme
t2-u1-x4,2,Life 2,1,People,,,"This unit is about people, personal information, personal descriptions, and family and friends.",i,"Identidade, família e sociedade","Identity, family and society",Having friends from different countries helps you learn about the world.,unit_theme
t2-u1-x5,2,Life 2,1,People,,,"This unit is about people, personal information, personal descriptions, and family and friends.",w,Trabalho e estudo,Work and study,Wearing a school uniform makes students feel equal.,unit_theme
t2-u2-2a-R,2,Life 2,2,Possessions,2a,Reading,an article about homes in Bucharest,l,Lugares e viagens,Places and travel,A home should be comfortable before it is beautiful.,book
t2-u2-2b-L,2,Life 2,2,Possessions,2b,Listening,an interview with Andy Torbet,s,"Saúde, esporte e aventura","Health, sport and adventure",Extreme adventures need a lot of training.,book
t2-u2-2c-R,2,Life 2,2,Possessions,2c,Reading,an article about cell phones,t,Tecnologia e ciência,Technology and science,"Cell phones make life easier, but they also make it more stressful.",book
t2-u2-x1,2,Life 2,2,Possessions,,,"This unit is about our homes and our things, useful possessions and where they come from, and buying and selling things.",c,Consumo e dinheiro,Consumption and money,Buying second-hand things is a smart choice.,unit_theme
t2-u2-x2,2,Life 2,2,Possessions,,,"This unit is about our homes and our things, useful possessions and where they come from, and buying and selling things.",c,Consumo e dinheiro,Consumption and money,Teenagers do not need the newest phone every year.,unit_theme
t2-u2-x3,2,Life 2,2,Possessions,,,"This unit is about our homes and our things, useful possessions and where they come from, and buying and selling things.",w,Trabalho e estudo,Work and study,A messy room makes it hard to study.,unit_theme
t2-u2-x4,2,Life 2,2,Possessions,,,"This unit is about our homes and our things, useful possessions and where they come from, and buying and selling things.",c,Consumo e dinheiro,Consumption and money,Online shopping is easier than shopping in a store.,unit_theme
t2-u2-x5,2,Life 2,2,Possessions,,,"This unit is about our homes and our things, useful possessions and where they come from, and buying and selling things.",c,Consumo e dinheiro,Consumption and money,The things we keep show what is important to us.,unit_theme
t2-u3-3a-L,2,Life 2,3,Places,3a,Listening,an interview about city life,l,Lugares e viagens,Places and travel,City life is more exciting than life in a small town.,book
t2-u3-3a-R,2,Life 2,3,Places,3a,Reading,an article about cities with no cars,l,Lugares e viagens,Places and travel,Cities with no cars are cleaner and quieter.,book
t2-u3-3b-L,2,Life 2,3,Places,3b,Listening,people talking about their jobs,w,Trabalho e estudo,Work and study,The best job is one that helps other people.,book
t2-u3-3c-R,2,Life 2,3,Places,3c,Reading,an article about places and languages,i,"Identidade, família e sociedade","Identity, family and society",Learning the local language makes travel easier.,book
t2-u3-x1,2,Life 2,3,Places,,,"This unit is about the places we live, work, and speak different languages, especially cities.",l,Lugares e viagens,Places and travel,Public transportation is cheaper and faster than cars in a big city.,unit_theme
t2-u3-x2,2,Life 2,3,Places,,,"This unit is about the places we live, work, and speak different languages, especially cities.",l,Lugares e viagens,Places and travel,Living near a park makes city life better.,unit_theme
t2-u3-x3,2,Life 2,3,Places,,,"This unit is about the places we live, work, and speak different languages, especially cities.",w,Trabalho e estudo,Work and study,Speaking two languages gives you more job options.,unit_theme
t2-u3-x4,2,Life 2,3,Places,,,"This unit is about the places we live, work, and speak different languages, especially cities.",l,Lugares e viagens,Places and travel,Every neighborhood needs a place for young people to meet.,unit_theme
t2-u3-x5,2,Life 2,3,Places,,,"This unit is about the places we live, work, and speak different languages, especially cities.",w,Trabalho e estudo,Work and study,Studying at home is better than studying at school.,unit_theme
t2-u4-4a-R,2,Life 2,4,Free time,4a,Reading,an article about identical twins,i,"Identidade, família e sociedade","Identity, family and society",Identical twins can still be very different.,book
t2-u4-4b-L,2,Life 2,4,Free time,4b,Listening,an interview with Norbert Rosing,p,Planeta e natureza,Planet and nature,Wildlife photographers need patience more than anything.,book
t2-u4-4c-R,2,Life 2,4,Free time,4c,Reading,an article about extreme sports,s,"Saúde, esporte e aventura","Health, sport and adventure","Extreme sports are exciting, but they are too dangerous for teenagers.",book
t2-u4-4d-R,2,Life 2,4,Free time,4d,Reading,a website about gap year volunteer work,w,Trabalho e estudo,Work and study,Volunteer work abroad helps young people learn new skills.,book
t2-u5-5a-L,2,Life 2,5,Food,5a,Listening,dishes from different countries,i,"Identidade, família e sociedade","Identity, family and society",Every country has a dish that everyone should try.,book
t2-u5-5b-R,2,Life 2,5,Food,5b,Reading,an article about food markets,c,Consumo e dinheiro,Consumption and money,Food markets are better than supermarkets.,book
t2-u5-5c-R,2,Life 2,5,Food,5c,Reading,a blog post about photographing food,a,"Arte, mídia e cultura","Art, media and culture",Taking photos of food can be a creative hobby.,book
t2-u6-6a-R,2,Life 2,6,Past lives,6a,Reading,an article about faces on money,m,História e mistérios,History and mysteries,Money shows which people a country is proud of.,book
t2-u6-6b-L,2,Life 2,6,Past lives,6b,Listening,a talk about famous companies started by immigrants,w,Trabalho e estudo,Work and study,Immigrants bring new ideas to a country’s businesses.,book
t2-u6-6c-R,2,Life 2,6,Past lives,6c,Reading,an article about lifelogging,t,Tecnologia e ciência,Technology and science,"Recording your whole day can be useful, but it also takes a lot of time.",book
t2-u6-6d-L,2,Life 2,6,Past lives,6d,Listening,conversations about what you did,i,"Identidade, família e sociedade","Identity, family and society",Talking about your weekend helps you practice the past tense.,book
t2-u7-7a-R,2,Life 2,7,Journeys,7a,Reading,an article about animal migration,p,Planeta e natureza,Planet and nature,Animal migration is one of nature’s most amazing journeys.,book
t2-u7-7b-L,2,Life 2,7,Journeys,7b,Listening,a travel podcast about a journey to AlUla,l,Lugares e viagens,Places and travel,Visiting ancient places teaches you more than visiting a beach.,book
t2-u7-7c-R,2,Life 2,7,Journeys,7c,Reading,travel information about Colombia’s cities,l,Lugares e viagens,Places and travel,Colombia has cities for every type of traveler.,book
t2-u8-8a-R,2,Life 2,8,Appearance,8a,Reading,an article about a sustainable fashion business,c,Consumo e dinheiro,Consumption and money,Sustainable clothes are better for the planet.,book
t2-u8-8b-L,2,Life 2,8,Appearance,8b,Listening,a conversation about a festival,i,"Identidade, família e sociedade","Identity, family and society",Festivals bring people together.,book
t2-u8-8c-R,2,Life 2,8,Appearance,8c,Reading,an article about boys’ and girls’ color choices,i,"Identidade, família e sociedade","Identity, family and society",Colors do not belong to boys or girls.,book
t2-u9-9a-L,2,Life 2,9,Entertainment,9a,Listening,a conversation at the film festival,a,"Arte, mídia e cultura","Art, media and culture",A film festival is a great way to discover new movies.,book
t2-u9-9a-R,2,Life 2,9,Entertainment,9a,Reading,website information about a film festival,a,"Arte, mídia e cultura","Art, media and culture",A film festival is a good place to see new films.,book
t2-u9-9b-L,2,Life 2,9,Entertainment,9b,Listening,a report about how Gen Z watches video,t,Tecnologia e ciência,Technology and science,Short videos are popular with young people.,book
t2-u9-9c-R,2,Life 2,9,Entertainment,9c,Reading,an article about nature in art,a,"Arte, mídia e cultura","Art, media and culture",Nature is the best subject for an artist.,book
t2-u9-9d-L,2,Life 2,9,Entertainment,9d,Listening,conversations about going to the theater,a,"Arte, mídia e cultura","Art, media and culture",Watching a play is better than watching a movie.,book
t2-u10-10a-R,2,Life 2,10,Learning,10a,Reading,a blog post about what scientists have learned,w,Trabalho e estudo,Work and study,Science helps us solve everyday problems.,book
t2-u10-10b-L,2,Life 2,10,Learning,10b,Listening,a news report about a memory champion,w,Trabalho e estudo,Work and study,Anyone can train their memory.,book
t2-u10-10b-R,2,Life 2,10,Learning,10b,Reading,short texts about memory,w,Trabalho e estudo,Work and study,Writing things down helps you remember them.,book
t2-u10-10c-R,2,Life 2,10,Learning,10c,Reading,an article about how routines can help you,s,"Saúde, esporte e aventura","Health, sport and adventure",A daily routine helps you feel less stressed.,book
t2-u10-10d-L,2,Life 2,10,Learning,10d,Listening,a phone call to check information,w,Trabalho e estudo,Work and study,Calling to check information saves time and avoids mistakes.,book
t2-u11-11a-R,2,Life 2,11,Tourism,11a,Reading,a tourist information leaflet,l,Lugares e viagens,Places and travel,A leaflet is a quick way to learn about a place.,book
t2-u11-11b-L,2,Life 2,11,Tourism,11b,Listening,a podcast about advice for tourists,l,Lugares e viagens,Places and travel,Tourists should learn a few local words before they travel.,book
t2-u11-11c-R,2,Life 2,11,Tourism,11c,Reading,a travel guide about clothes,l,Lugares e viagens,Places and travel,Choosing the right clothes makes a trip more comfortable.,book
t2-u11-11d-L,2,Life 2,11,Tourism,11d,Listening,a conversation about choosing a vacation,l,Lugares e viagens,Places and travel,A short vacation near home can be as good as a long trip.,book
t2-u12-12a-R,2,Life 2,12,The Earth,12a,Reading,a global report about average temperatures,p,Planeta e natureza,Planet and nature,"The Earth is getting warmer, and we need to act.",book
t2-u12-12b-L,2,Life 2,12,The Earth,12b,Listening,a lecture about unexplored places,p,Planeta e natureza,Planet and nature,We should explore the oceans before we explore space.,book
t2-u12-12c-R,2,Life 2,12,The Earth,12c,Reading,an article about a new home in space,p,Planeta e natureza,Planet and nature,People should not live in space until we protect the Earth.,book
t2-u12-12d-R,2,Life 2,12,The Earth,12d,Reading,an explanation of an important day,p,Planeta e natureza,Planet and nature,One special day a year is not enough to protect the planet.,book
t3-u1-1a-R,3,Life 3,1,Lifestyle,1a,Reading,a questionnaire about how well you sleep,s,"Saúde, esporte e aventura","Health, sport and adventure",Teenagers need more sleep than they usually get.,book
t3-u1-1b-L,3,Life 3,1,Lifestyle,1b,Listening,a radio interview about long life,s,"Saúde, esporte e aventura","Health, sport and adventure",A long life depends more on habits than on luck.,book
t3-u1-1c-R,3,Life 3,1,Lifestyle,1c,Reading,an article about how nature is good for you,s,"Saúde, esporte e aventura","Health, sport and adventure",Spending time in nature improves both the body and the mind.,book
t3-u1-x1,3,Life 3,1,Lifestyle,,,This unit is about lifestyle and how we can stay healthy through our everyday routines and habits.,s,"Saúde, esporte e aventura","Health, sport and adventure",Eating breakfast helps students focus at school.,unit_theme
t3-u1-x2,3,Life 3,1,Lifestyle,,,This unit is about lifestyle and how we can stay healthy through our everyday routines and habits.,s,"Saúde, esporte e aventura","Health, sport and adventure",Walking to school is a simple way to stay active.,unit_theme
t3-u1-x3,3,Life 3,1,Lifestyle,,,This unit is about lifestyle and how we can stay healthy through our everyday routines and habits.,s,"Saúde, esporte e aventura","Health, sport and adventure",Screen time before bed makes it harder to sleep well.,unit_theme
t3-u1-x4,3,Life 3,1,Lifestyle,,,This unit is about lifestyle and how we can stay healthy through our everyday routines and habits.,s,"Saúde, esporte e aventura","Health, sport and adventure",A daily routine helps teenagers manage their time.,unit_theme
t3-u1-x5,3,Life 3,1,Lifestyle,,,This unit is about lifestyle and how we can stay healthy through our everyday routines and habits.,s,"Saúde, esporte e aventura","Health, sport and adventure",Healthy habits are easier to keep with friends.,unit_theme
t3-u2-2a-R,3,Life 3,2,Competitions,2a,Reading,an article about two unusual sports,s,"Saúde, esporte e aventura","Health, sport and adventure",Unusual sports can be more exciting than popular ones.,book
t3-u2-2b-L,3,Life 3,2,Competitions,2b,Listening,three people talking about competitive sports,s,"Saúde, esporte e aventura","Health, sport and adventure",Competition in sports teaches young people to handle both winning and losing.,book
t3-u2-2c-R,3,Life 3,2,Competitions,2c,Reading,an article about female wrestlers in Bolivia,s,"Saúde, esporte e aventura","Health, sport and adventure",Women can succeed in any sport if they get the chance.,book
t3-u2-x1,3,Life 3,2,Competitions,,,This unit is about different kinds of competitions from around the world.,s,"Saúde, esporte e aventura","Health, sport and adventure",Team sports teach cooperation better than individual sports.,unit_theme
t3-u2-x2,3,Life 3,2,Competitions,,,This unit is about different kinds of competitions from around the world.,w,Trabalho e estudo,Work and study,"School competitions should reward effort, not only results.",unit_theme
t3-u2-x3,3,Life 3,2,Competitions,,,This unit is about different kinds of competitions from around the world.,s,"Saúde, esporte e aventura","Health, sport and adventure",Watching a sport live is more exciting than watching it on TV.,unit_theme
t3-u2-x4,3,Life 3,2,Competitions,,,This unit is about different kinds of competitions from around the world.,s,"Saúde, esporte e aventura","Health, sport and adventure",A little competition makes people work harder.,unit_theme
t3-u2-x5,3,Life 3,2,Competitions,,,This unit is about different kinds of competitions from around the world.,l,Lugares e viagens,Places and travel,Unusual competitions can bring a town together.,unit_theme
t3-u3-3a-R,3,Life 3,3,Transportation,3a,Reading,an article about future transportation solutions,t,Tecnologia e ciência,Technology and science,Self-driving cars could make cities safer.,book
t3-u3-3b-L,3,Life 3,3,Transportation,3b,Listening,a documentary about using animal transportation,l,Lugares e viagens,Places and travel,Using animals for transportation can still make sense today.,book
t3-u3-3c-R,3,Life 3,3,Transportation,3c,Reading,an article about empathetic design,t,Tecnologia e ciência,Technology and science,Good design starts with understanding what people need.,book
t3-u3-x1,3,Life 3,3,Transportation,,,This unit is about different forms of transportation and the ways we use them.,l,Lugares e viagens,Places and travel,Cycling is a cheap and healthy way to travel in a small city.,unit_theme
t3-u3-x2,3,Life 3,3,Transportation,,,This unit is about different forms of transportation and the ways we use them.,l,Lugares e viagens,Places and travel,Cities should build more bike lanes than parking spaces.,unit_theme
t3-u3-x3,3,Life 3,3,Transportation,,,This unit is about different forms of transportation and the ways we use them.,p,Planeta e natureza,Planet and nature,Electric vehicles are better for the planet than gasoline cars.,unit_theme
t3-u3-x4,3,Life 3,3,Transportation,,,This unit is about different forms of transportation and the ways we use them.,l,Lugares e viagens,Places and travel,Cities should give students lower prices on public transportation.,unit_theme
t3-u3-x5,3,Life 3,3,Transportation,,,This unit is about different forms of transportation and the ways we use them.,l,Lugares e viagens,Places and travel,Traveling by train is more relaxing than traveling by car.,unit_theme
t3-u4-4a-R,3,Life 3,4,Challenges,4a,Reading,an article about two adventurers,s,"Saúde, esporte e aventura","Health, sport and adventure",Facing a big challenge can make a person stronger.,book
t3-u4-4b-L,3,Life 3,4,Challenges,4b,Listening,a story about an impossible decision,s,"Saúde, esporte e aventura","Health, sport and adventure",Some decisions are hard because every choice has a cost.,book
t3-u4-4c-R,3,Life 3,4,Challenges,4c,Reading,an article about the Rubik’s Cube,s,"Saúde, esporte e aventura","Health, sport and adventure",Solving puzzles is a good way to practice thinking.,book
t3-u5-5a-R,3,Life 3,5,The environment,5a,Reading,an article about an environmental storyteller,p,Planeta e natureza,Planet and nature,Stories can change people’s minds about the environment better than facts can.,book
t3-u5-5b-L,3,Life 3,5,The environment,5b,Listening,a podcast about environmental projects,p,Planeta e natureza,Planet and nature,Small local projects can make a big difference for the environment.,book
t3-u5-5c-R,3,Life 3,5,The environment,5c,Reading,an article about the Plastiki (a boat made of plastic bottles),p,Planeta e natureza,Planet and nature,Reusing waste is a creative way to fight pollution.,book
t3-u5-5d-R,3,Life 3,5,The environment,5d,Reading,a company website,p,Planeta e natureza,Planet and nature,A clear website can decide whether a customer trusts a company.,book
t3-u6-6a-R,3,Life 3,6,Stages in life,6a,Reading,an article about how a family changed their life,i,"Identidade, família e sociedade","Identity, family and society",Moving to a new place can change your life for the better.,book
t3-u6-6b-L,3,Life 3,6,Stages in life,6b,Listening,a news item about Mardi Gras,i,"Identidade, família e sociedade","Identity, family and society",Big festivals are good for a city’s economy and its community.,book
t3-u6-6c-R,3,Life 3,6,Stages in life,6c,Reading,three blog posts about coming-of-age ceremonies,i,"Identidade, família e sociedade","Identity, family and society",Coming-of-age ceremonies help young people feel ready for adult life.,book
t3-u7-7a-R,3,Life 3,7,Work,7a,Reading,an article about influencers,w,Trabalho e estudo,Work and study,Influencers have too much power over what teenagers buy.,book
t3-u7-7b-L,3,Life 3,7,Work,7b,Listening,phone calls about an office building,w,Trabalho e estudo,Work and study,Phone calls are still a good way to solve a problem at work.,book
t3-u7-7c-R,3,Life 3,7,Work,7c,Reading,an article about workplace environments,w,Trabalho e estudo,Work and study,A pleasant office helps people work better.,book
t3-u8-8a-R,3,Life 3,8,Technology,8a,Reading,an article about two explorers,t,Tecnologia e ciência,Technology and science,"Exploration still matters, even when most places have been mapped.",book
t3-u8-8b-L,3,Life 3,8,Technology,8b,Listening,a science program about an invention,t,Tecnologia e ciência,Technology and science,"The best inventions solve simple, everyday problems.",book
t3-u8-8c-R,3,Life 3,8,Technology,8c,Reading,an article about biomimetics,t,Tecnologia e ciência,Technology and science,Nature is the best teacher for inventors.,book
t3-u9-9a-R,3,Life 3,9,Products,9a,Reading,an article about famous logos,c,Consumo e dinheiro,Consumption and money,A simple logo is easier to remember than a complicated one.,book
t3-u9-9b-L,3,Life 3,9,Products,9b,Listening,a podcast about classic designs,c,Consumo e dinheiro,Consumption and money,A classic design lasts because it is both useful and simple.,book
t3-u9-9c-R,3,Life 3,9,Products,9c,Reading,a blog post about people wanting less “stuff” in their lives,c,Consumo e dinheiro,Consumption and money,Owning less can make people happier.,book
t3-u10-10a-R,3,Life 3,10,Vacations,10a,Reading,an article about vacation problems,l,Lugares e viagens,Places and travel,Most vacation problems can be avoided with good planning.,book
t3-u10-10b-L,3,Life 3,10,Vacations,10b,Listening,an interview about being a tour guide,l,Lugares e viagens,Places and travel,A good tour guide can make a trip unforgettable.,book
t3-u10-10c-R,3,Life 3,10,Vacations,10c,Reading,a short review and an article about citizen guides,l,Lugares e viagens,Places and travel,Local people often know a city better than professional guides.,book
t3-u11-11a-R,3,Life 3,11,History,11a,Reading,a timeline about the history of videogaming,m,História e mistérios,History and mysteries,Video games have become a serious form of art.,book
t3-u11-11b-L,3,Life 3,11,History,11b,Listening,a news story about a message in a bottle,m,História e mistérios,History and mysteries,A message in a bottle shows that a simple idea can connect people far apart.,book
t3-u11-11c-R,3,Life 3,11,History,11c,Reading,an article about historical objects,m,História e mistérios,History and mysteries,Old objects tell us more about the past than books do.,book
t3-u12-12a-R,3,Life 3,12,Nature,12a,Reading,an article about a science blog,p,Planeta e natureza,Planet and nature,Science blogs make science easier for ordinary people to understand.,book
t3-u12-12b-L,3,Life 3,12,Nature,12b,Listening,a documentary about a photographer,p,Planeta e natureza,Planet and nature,A powerful photo can change how people see nature.,book
t3-u12-12c-R,3,Life 3,12,Nature,12c,Reading,an article about AI and nature photography,p,Planeta e natureza,Planet and nature,"AI can help photographers, but it can never replace their eye.",book
t4-u1-1a-R,4,Life 4,1,Culture and identity,1a,Reading,an article about cultural identity,i,"Identidade, família e sociedade","Identity, family and society",Our culture shapes who we are more than our personality does.,book
t4-u1-1b-L,4,Life 4,1,Culture and identity,1b,Listening,a podcast about colors in different cultures,i,"Identidade, família e sociedade","Identity, family and society",The meaning of a color depends on the culture you grow up in.,book
t4-u1-1c-R,4,Life 4,1,Culture and identity,1c,Reading,an article about Generation Z,i,"Identidade, família e sociedade","Identity, family and society",Every generation is shaped by the technology it grows up with.,book
t4-u1-1f-L,4,Life 4,1,Culture and identity,1f,Listening,a talk about a favorite photo,a,"Arte, mídia e cultura","Art, media and culture",A single photo can keep a memory alive for years.,book
t4-u1-x1,4,Life 4,1,Culture and identity,,,"This unit is about things that shape and express a person's identity: culture and family, personality, clothes, interests, etc.",i,"Identidade, família e sociedade","Identity, family and society","Traditions keep a culture alive, but they must also be allowed to change.",unit_theme
t4-u1-x2,4,Life 4,1,Culture and identity,,,"This unit is about things that shape and express a person's identity: culture and family, personality, clothes, interests, etc.",i,"Identidade, família e sociedade","Identity, family and society",The clothes we wear communicate who we want to be.,unit_theme
t4-u1-x3,4,Life 4,1,Culture and identity,,,"This unit is about things that shape and express a person's identity: culture and family, personality, clothes, interests, etc.",i,"Identidade, família e sociedade","Identity, family and society",Online profiles show only a small part of who a person really is.,unit_theme
t4-u1-x4,4,Life 4,1,Culture and identity,,,"This unit is about things that shape and express a person's identity: culture and family, personality, clothes, interests, etc.",i,"Identidade, família e sociedade","Identity, family and society",Learning another language changes the way you see your own culture.,unit_theme
t4-u1-x5,4,Life 4,1,Culture and identity,,,"This unit is about things that shape and express a person's identity: culture and family, personality, clothes, interests, etc.",a,"Arte, mídia e cultura","Art, media and culture",Music tastes bring teenagers together more than nationality does.,unit_theme
t4-u2-2a-R,4,Life 4,2,Performing,2a,Reading,a blog post about a changing form of entertainment,a,"Arte, mídia e cultura","Art, media and culture","Streaming has changed the way we enjoy entertainment, for better and for worse.",book
t4-u2-2b-L,4,Life 4,2,Performing,2b,Listening,a description of a life-changing experience,a,"Arte, mídia e cultura","Art, media and culture",A trip to a new place can change what a person thinks is normal.,book
t4-u2-2c-R,4,Life 4,2,Performing,2c,Reading,a review of a movie about the power of dance,a,"Arte, mídia e cultura","Art, media and culture",Dance can express emotions that words cannot.,book
t4-u2-x1,4,Life 4,2,Performing,,,"This unit is about performance-based entertainment, including circuses, dance, movies, and cultural events.",a,"Arte, mídia e cultura","Art, media and culture",Live performances give audiences something that recordings cannot.,unit_theme
t4-u2-x2,4,Life 4,2,Performing,,,"This unit is about performance-based entertainment, including circuses, dance, movies, and cultural events.",a,"Arte, mídia e cultura","Art, media and culture",Movies with subtitles help people learn languages.,unit_theme
t4-u2-x3,4,Life 4,2,Performing,,,"This unit is about performance-based entertainment, including circuses, dance, movies, and cultural events.",a,"Arte, mídia e cultura","Art, media and culture",Learning to dance builds confidence.,unit_theme
t4-u2-x4,4,Life 4,2,Performing,,,"This unit is about performance-based entertainment, including circuses, dance, movies, and cultural events.",a,"Arte, mídia e cultura","Art, media and culture",Street performers make a city more interesting.,unit_theme
t4-u2-x5,4,Life 4,2,Performing,,,"This unit is about performance-based entertainment, including circuses, dance, movies, and cultural events.",a,"Arte, mídia e cultura","Art, media and culture",Street theater can be as exciting as a big show.,unit_theme
t4-u3-3a-R,4,Life 4,3,Opportunities,3a,Reading,an article about the future of work,w,Trabalho e estudo,Work and study,"In the future, creativity will matter more than technical skills.",book
t4-u3-3b-L,4,Life 4,3,Opportunities,3b,Listening,a podcast about making decisions,w,Trabalho e estudo,Work and study,Quick decisions are often better than long ones.,book
t4-u3-3c-R,4,Life 4,3,Opportunities,3c,Reading,an article about education for the future,w,Trabalho e estudo,Work and study,"Schools should teach students how to think, not only what to remember.",book
t4-u3-x1,4,Life 4,3,Opportunities,,,"This unit is about people's future in work, education, and life.",w,Trabalho e estudo,Work and study,Learning a skill online can open as many doors as a university degree.,unit_theme
t4-u3-x2,4,Life 4,3,Opportunities,,,"This unit is about people's future in work, education, and life.",w,Trabalho e estudo,Work and study,A gap year gives students time to find out what they want to do.,unit_theme
t4-u3-x3,4,Life 4,3,Opportunities,,,"This unit is about people's future in work, education, and life.",w,Trabalho e estudo,Work and study,Teenagers should try different activities before choosing a career.,unit_theme
t4-u3-x4,4,Life 4,3,Opportunities,,,"This unit is about people's future in work, education, and life.",w,Trabalho e estudo,Work and study,Internships give young people experience that classes cannot.,unit_theme
t4-u3-x5,4,Life 4,3,Opportunities,,,"This unit is about people's future in work, education, and life.",w,Trabalho e estudo,Work and study,Mistakes at work are a normal part of learning.,unit_theme
t4-u4-4a-L,4,Life 4,4,Water,4a,Listening,stories about what happened next,s,"Saúde, esporte e aventura","Health, sport and adventure",The way a story ends changes how we remember the whole event.,book
t4-u4-4b-R,4,Life 4,4,Water,4b,Reading,an interview about underwater discoveries,p,Planeta e natureza,Planet and nature,Protecting the oceans is more urgent than exploring them.,book
t4-u4-4c-R,4,Life 4,4,Water,4c,Reading,an article about an unforgettable experience,s,"Saúde, esporte e aventura","Health, sport and adventure",The most unforgettable experiences are usually the ones we did not plan.,book
t4-u5-5a-R,4,Life 4,5,A healthy life,5a,Reading,a news item about a traditional Italian dish,s,"Saúde, esporte e aventura","Health, sport and adventure",Traditional recipes keep a culture alive.,book
t4-u5-5b-L,4,Life 4,5,A healthy life,5b,Listening,a podcast about healthy living,s,"Saúde, esporte e aventura","Health, sport and adventure",Healthy habits are easier to keep when we start small.,book
t4-u5-5c-R,4,Life 4,5,A healthy life,5c,Reading,articles about positive thinking and good moods,s,"Saúde, esporte e aventura","Health, sport and adventure","Positive thinking can improve our mood, but it cannot solve every problem.",book
t4-u6-6a-R,4,Life 4,6,Mysteries,6a,Reading,a description of a radio program about why we do scary things,m,História e mistérios,History and mysteries,People enjoy scary experiences because they feel safe afterward.,book
t4-u6-6b-L,4,Life 4,6,Mysteries,6b,Listening,a lecture about the Nasca lines,m,História e mistérios,History and mysteries,Some ancient mysteries are better left unsolved.,book
t4-u6-6c-R,4,Life 4,6,Mysteries,6c,Reading,theories about two mysteries,m,História e mistérios,History and mysteries,"A good theory needs evidence, not just imagination.",book
t4-u7-7a-R,4,Life 4,7,Living space,7a,Reading,an article about how the island of Manhattan used to be,l,Lugares e viagens,Places and travel,Cities that grow too fast can lose their history and green spaces.,book
t4-u7-7b-L,4,Life 4,7,Living space,7b,Listening,a podcast about house design,l,Lugares e viagens,Places and travel,The design of a house affects the way people live in it.,book
t4-u7-7c-R,4,Life 4,7,Living space,7c,Reading,an article about a small town in Puerto Rico,l,Lugares e viagens,Places and travel,Small towns keep traditions that big cities forget.,book
t4-u8-8a-R,4,Life 4,8,Travel,8a,Reading,an article where people describe returning to their roots,l,Lugares e viagens,Places and travel,Returning to your roots can help you understand who you are.,book
t4-u8-8b-L,4,Life 4,8,Travel,8b,Listening,a podcast about traveling to every country in the world,l,Lugares e viagens,Places and travel,"Traveling to every country is an achievement, but it is not the best way to travel.",book
t4-u8-8c-R,4,Life 4,8,Travel,8c,Reading,an article about the importance of travel,l,Lugares e viagens,Places and travel,Travel teaches us things that school cannot.,book
t4-u9-9a-R,4,Life 4,9,Shopping,9a,Reading,an article about customer satisfaction,c,Consumo e dinheiro,Consumption and money,A company that listens to its customers usually has an advantage.,book
t4-u9-9b-L,4,Life 4,9,Shopping,9b,Listening,a podcast about impulse buying,c,Consumo e dinheiro,Consumption and money,Online shopping makes impulse buying too easy.,book
t4-u9-9c-R,4,Life 4,9,Shopping,9c,Reading,two articles about consumer trends,c,Consumo e dinheiro,Consumption and money,Consumer trends show what a society values.,book
t4-u10-10a-R,4,Life 4,10,No limits,10a,Reading,an article about life on another planet,p,Planeta e natureza,Planet and nature,Searching for life on other planets is worth the money.,book
t4-u10-10b-L,4,Life 4,10,No limits,10b,Listening,an audio article about performing better at sports,s,"Saúde, esporte e aventura","Health, sport and adventure",Mental training matters as much as physical training.,book
t4-u10-10c-R,4,Life 4,10,No limits,10c,Reading,an interview with a cave explorer,s,"Saúde, esporte e aventura","Health, sport and adventure",Exploring dangerous places is worth the risk.,book
t4-u11-11a-R,4,Life 4,11,Connections,11a,Reading,an article about working together to save forests,p,Planeta e natureza,Planet and nature,Protecting forests requires countries to work together.,book
t4-u11-11b-L,4,Life 4,11,Connections,11b,Listening,a story about inventing a way to share information,t,Tecnologia e ciência,Technology and science,Sharing information quickly has changed the way people live.,book
t4-u11-11c-R,4,Life 4,11,Connections,11c,Reading,an article about communicating across cultures,i,"Identidade, família e sociedade","Identity, family and society",Understanding body language is as important as learning a language.,book
t4-u11-11f-L,4,Life 4,11,Connections,11f,Listening,personal experiences of learning sign language,i,"Identidade, família e sociedade","Identity, family and society",Everyone should learn the basics of sign language.,book
t4-u12-12a-R,4,Life 4,12,Experts,12a,Reading,a book review about what explorers have to do to survive,s,"Saúde, esporte e aventura","Health, sport and adventure",Surviving in the wild depends more on preparation than on strength.,book
t4-u12-12b-L,4,Life 4,12,Experts,12b,Listening,stories about unexpected problems,s,"Saúde, esporte e aventura","Health, sport and adventure",Unexpected problems often teach us more than easy successes.,book
t4-u12-12c-R,4,Life 4,12,Experts,12c,Reading,an article about the samurai,m,História e mistérios,History and mysteries,The samurai’s code of honor still has lessons for today.,book
t5-u1-1a-L,5,Life 5,1,Relationships,1a,Listening,a podcast about animal friendships,p,Planeta e natureza,Planet and nature,Friendships between different species challenge how we think about animal behavior.,book
t5-u1-1b-R,5,Life 5,1,Relationships,1b,Reading,an article about changing attitudes in India,i,"Identidade, família e sociedade","Identity, family and society",Social attitudes change faster when young people lead the way.,book
t5-u1-1c-R,5,Life 5,1,Relationships,1c,Reading,an article about immigrant families in New York,i,"Identidade, família e sociedade","Identity, family and society",Immigrant families strengthen the cities they move to.,book
t5-u1-x1,5,Life 5,1,Relationships,,,"This unit is about relationships with family, friends, and community.",i,"Identidade, família e sociedade","Identity, family and society",Online friendships can be as meaningful as friendships in person.,unit_theme
t5-u1-x2,5,Life 5,1,Relationships,,,"This unit is about relationships with family, friends, and community.",i,"Identidade, família e sociedade","Identity, family and society",Communities become stronger when people volunteer.,unit_theme
t5-u1-x3,5,Life 5,1,Relationships,,,"This unit is about relationships with family, friends, and community.",i,"Identidade, família e sociedade","Identity, family and society",Trust takes longer to build than to lose.,unit_theme
t5-u1-x4,5,Life 5,1,Relationships,,,"This unit is about relationships with family, friends, and community.",w,Trabalho e estudo,Work and study,Working in a team teaches people more about themselves than working alone.,unit_theme
t5-u1-x5,5,Life 5,1,Relationships,,,"This unit is about relationships with family, friends, and community.",p,Planeta e natureza,Planet and nature,Teamwork in sports teaches teenagers how to solve conflicts.,unit_theme
t5-u2-2a-R,5,Life 5,2,Storytelling,2a,Reading,an article about an incredible story,a,"Arte, mídia e cultura","Art, media and culture","Great stories work because they make us feel something, not because they are true.",book
t5-u2-2b-L,5,Life 5,2,Storytelling,2b,Listening,an interview about visual storytelling,a,"Arte, mídia e cultura","Art, media and culture",A strong image can tell a story more effectively than a long text.,book
t5-u2-2c-R,5,Life 5,2,Storytelling,2c,Reading,an article about the Brothers Grimm,a,"Arte, mídia e cultura","Art, media and culture",Traditional fairy tales are still relevant because they deal with real fears.,book
t5-u2-x1,5,Life 5,2,Storytelling,,,This unit is about how and why people tell and share stories. It will help students to tell their own stories.,a,"Arte, mídia e cultura","Art, media and culture",Telling our own stories helps us understand our experiences.,unit_theme
t5-u2-x2,5,Life 5,2,Storytelling,,,This unit is about how and why people tell and share stories. It will help students to tell their own stories.,m,História e mistérios,History and mysteries,Films can change how people see a historical event.,unit_theme
t5-u2-x3,5,Life 5,2,Storytelling,,,This unit is about how and why people tell and share stories. It will help students to tell their own stories.,m,História e mistérios,History and mysteries,Stories told out loud are as valuable as history books.,unit_theme
t5-u2-x4,5,Life 5,2,Storytelling,,,This unit is about how and why people tell and share stories. It will help students to tell their own stories.,a,"Arte, mídia e cultura","Art, media and culture",A good storyteller adapts the story to the audience.,unit_theme
t5-u2-x5,5,Life 5,2,Storytelling,,,This unit is about how and why people tell and share stories. It will help students to tell their own stories.,a,"Arte, mídia e cultura","Art, media and culture",Books are still the best way to enjoy a long story.,unit_theme
t5-u3-3a-R,5,Life 5,3,Art for the people,3a,Reading,an article about unusual street art,a,"Arte, mídia e cultura","Art, media and culture",Street art deserves the same respect as art in a museum.,book
t5-u3-3b-L,5,Life 5,3,Art for the people,3b,Listening,a talk about creative ideas,a,"Arte, mídia e cultura","Art, media and culture",Creativity grows when people are allowed to fail.,book
t5-u3-3c-R,5,Life 5,3,Art for the people,3c,Reading,an article about how music helps us,a,"Arte, mídia e cultura","Art, media and culture",Music is one of the most powerful tools for improving our well-being.,book
t5-u3-x1,5,Life 5,3,Art for the people,,,This unit is about public art and performance and its impact on people.,a,"Arte, mídia e cultura","Art, media and culture",Public art makes a city a better place to live in.,unit_theme
t5-u3-x2,5,Life 5,3,Art for the people,,,This unit is about public art and performance and its impact on people.,a,"Arte, mídia e cultura","Art, media and culture",Street festivals help neighbors feel connected to each other.,unit_theme
t5-u3-x3,5,Life 5,3,Art for the people,,,This unit is about public art and performance and its impact on people.,a,"Arte, mídia e cultura","Art, media and culture",Free concerts make music available to everyone.,unit_theme
t5-u3-x4,5,Life 5,3,Art for the people,,,This unit is about public art and performance and its impact on people.,a,"Arte, mídia e cultura","Art, media and culture",Public art is most valuable when the community helps create it.,unit_theme
t5-u3-x5,5,Life 5,3,Art for the people,,,This unit is about public art and performance and its impact on people.,a,"Arte, mídia e cultura","Art, media and culture",Museums should be free for young people.,unit_theme
t5-u4-4a-R,5,Life 5,4,Technology,4a,Reading,an article about optimism for the future,t,Tecnologia e ciência,Technology and science,"Optimism is a practical attitude, not a naive one.",book
t5-u4-4b-L,5,Life 5,4,Technology,4b,Listening,a radio program about new materials,t,Tecnologia e ciência,Technology and science,New materials will solve environmental problems faster than new laws will.,book
t5-u4-4c-R,5,Life 5,4,Technology,4c,Reading,an article about technology,t,Tecnologia e ciência,Technology and science,"Technology should serve people, not control them.",book
t5-u5-5a-R,5,Life 5,5,Travel experiences,5a,Reading,an article about vacations at home,l,Lugares e viagens,Places and travel,A vacation at home can be as rewarding as a trip abroad.,book
t5-u5-5b-L,5,Life 5,5,Travel experiences,5b,Listening,overtourism,l,Lugares e viagens,Places and travel,Popular destinations should limit the number of tourists.,book
t5-u5-5c-R,5,Life 5,5,Travel experiences,5c,Reading,an article about hotels,l,Lugares e viagens,Places and travel,Unusual hotels turn a stay into part of the travel experience.,book
t5-u6-6a-R,5,Life 5,6,Development,6a,Reading,an article about urban development in Dubai,l,Lugares e viagens,Places and travel,Cities can grow fast and still be sustainable.,book
t5-u6-6b-L,5,Life 5,6,Development,6b,Listening,a talk about economic development in Chile,c,Consumo e dinheiro,Consumption and money,Economic growth only matters if it improves ordinary people’s lives.,book
t5-u6-6c-R,5,Life 5,6,Development,6c,Reading,an article about teenagers and adolescence,i,"Identidade, família e sociedade","Identity, family and society",Teenagers learn independence best when they get real responsibility.,book
t5-u7-7a-R,5,Life 5,7,Customs and behavior,7a,Reading,an article about Danish parenting,i,"Identidade, família e sociedade","Identity, family and society",Teaching children empathy early produces happier adults.,book
t5-u7-7b-L,5,Life 5,7,Customs and behavior,7b,Listening,a radio program about the Yup’ik diet,i,"Identidade, família e sociedade","Identity, family and society",Traditional diets often fit local environments better than modern ones.,book
t5-u7-7c-R,5,Life 5,7,Customs and behavior,7c,Reading,an article about private language,i,"Identidade, família e sociedade","Identity, family and society","Every close group develops its own language, and that language builds trust.",book
t5-u8-8a-R,5,Life 5,8,Hopes and wishes,8a,Reading,an article about the first human computers,m,História e mistérios,History and mysteries,History often forgets the people whose work made progress possible.,book
t5-u8-8b-L,5,Life 5,8,Hopes and wishes,8b,Listening,National Geographic Explorers discussing superpowers,s,"Saúde, esporte e aventura","Health, sport and adventure",The most valuable superpower would be the ability to heal.,book
t5-u8-8c-R,5,Life 5,8,Hopes and wishes,8c,Reading,an article about helping young people succeed,w,Trabalho e estudo,Work and study,Mentoring does more to help young people succeed than money does.,book
t5-u9-9a-R,5,Life 5,9,The news,9a,Reading,an article about an unusual job,w,Trabalho e estudo,Work and study,An unusual job can teach skills that a regular job cannot.,book
t5-u9-9b-L,5,Life 5,9,The news,9b,Listening,good-news stories,a,"Arte, mídia e cultura","Art, media and culture",The media should report more good news.,book
t5-u9-9c-R,5,Life 5,9,The news,9c,Reading,an article about fake news and how to spot it,a,"Arte, mídia e cultura","Art, media and culture",Learning to spot fake news should be part of every school curriculum.,book
t5-u10-10a-R,5,Life 5,10,Using your talents,10a,Reading,an article about an extraordinary career,w,Trabalho e estudo,Work and study,An extraordinary career usually starts with an ordinary habit: practice.,book
t5-u10-10b-L,5,Life 5,10,Using your talents,10b,Listening,a talk about an unusual talent,w,Trabalho e estudo,Work and study,"An unusual talent is worth developing, even if it seems useless.",book
t5-u10-10c-R,5,Life 5,10,Using your talents,10c,Reading,an article about the life of a stunt double,w,Trabalho e estudo,Work and study,Dangerous jobs deserve better recognition and protection.,book
t5-u11-11a-R,5,Life 5,11,Knowledge and learning,11a,Reading,an article about an innovative school,w,Trabalho e estudo,Work and study,Schools that let students choose what to learn produce more motivated students.,book
t5-u11-11b-L,5,Life 5,11,Knowledge and learning,11b,Listening,a podcast about memory,w,Trabalho e estudo,Work and study,"Memory improves with technique, not just repetition.",book
t5-u11-11c-R,5,Life 5,11,Knowledge and learning,11c,Reading,an article about how animals think,p,Planeta e natureza,Planet and nature,Animals are more intelligent than most people believe.,book
t5-u12-12a-R,5,Life 5,12,Money,12a,Reading,an article about Norway’s riches,c,Consumo e dinheiro,Consumption and money,A country should invest its natural resources in the future.,book
t5-u12-12b-L,5,Life 5,12,Money,12b,Listening,a podcast about the growing service economy,c,Consumo e dinheiro,Consumption and money,A service economy depends on skilled people more than on natural resources.,book
t5-u12-12c-R,5,Life 5,12,Money,12c,Reading,an article about a new business trend,c,Consumo e dinheiro,Consumption and money,Businesses that care about the environment will succeed in the long run.,book
t6-a-1,6,,,,,,,a,"Arte, mídia e cultura","Art, media and culture","Social media gives new artists a bigger audience, but also more competition.",theme_only
t6-a-2,6,,,,,,,a,"Arte, mídia e cultura","Art, media and culture","Public art should challenge people, not only please them.",theme_only
t6-a-3,6,,,,,,,a,"Arte, mídia e cultura","Art, media and culture","News organizations have a duty to inform, even when the truth is unpopular.",theme_only
t6-c-1,6,,,,,,,c,Consumo e dinheiro,Consumption and money,"Fast fashion cannot be justified, even when it is cheap.",theme_only
t6-c-2,6,,,,,,,c,Consumo e dinheiro,Consumption and money,Advertising shapes our needs more than we admit.,theme_only
t6-c-3,6,,,,,,,c,Consumo e dinheiro,Consumption and money,Repairing and reusing clothes does more for the planet than buying new eco-friendly products.,theme_only
t6-i-1,6,,,,,,,i,"Identidade, família e sociedade","Identity, family and society",A shared language does more to unite a society than a shared culture.,theme_only
t6-i-2,6,,,,,,,i,"Identidade, família e sociedade","Identity, family and society",Social media forces young people to build an identity for an audience.,theme_only
t6-i-3,6,,,,,,,i,"Identidade, família e sociedade","Identity, family and society",Preserving cultural traditions should not stop a society from changing.,theme_only
t6-l-1,6,,,,,,,l,Lugares e viagens,Places and travel,Tourists should pay a fee to protect fragile places.,theme_only
t6-l-2,6,,,,,,,l,Lugares e viagens,Places and travel,Cities should prioritize public transport over private cars.,theme_only
t6-l-3,6,,,,,,,l,Lugares e viagens,Places and travel,Living abroad changes how a person sees their own country.,theme_only
t6-m-1,6,,,,,,,m,História e mistérios,History and mysteries,Studying ancient mysteries tells us more about ourselves than about the past.,theme_only
t6-m-2,6,,,,,,,m,História e mistérios,History and mysteries,"History is written by the winners, so we should read it critically.",theme_only
t6-m-3,6,,,,,,,m,História e mistérios,History and mysteries,Studying the past critically helps us make better decisions today.,theme_only
t6-p-1,6,,,,,,,p,Planeta e natureza,Planet and nature,Large companies can do more for the climate than individual people can.,theme_only
t6-p-2,6,,,,,,,p,Planeta e natureza,Planet and nature,Zoos can no longer be justified in the twenty-first century.,theme_only
t6-p-3,6,,,,,,,p,Planeta e natureza,Planet and nature,Economic growth and environmental protection can go together.,theme_only
t6-s-1,6,,,,,,,s,"Saúde, esporte e aventura","Health, sport and adventure",Schools should start later to protect teenagers’ health.,theme_only
t6-s-2,6,,,,,,,s,"Saúde, esporte e aventura","Health, sport and adventure",Young athletes need rest as much as they need training.,theme_only
t6-s-3,6,,,,,,,s,"Saúde, esporte e aventura","Health, sport and adventure",Extreme challenges are worth it only when the risks are planned for.,theme_only
t6-t-1,6,,,,,,,t,Tecnologia e ciência,Technology and science,"Artificial intelligence will make most people more creative, not less.",theme_only
t6-t-2,6,,,,,,,t,Tecnologia e ciência,Technology and science,Convenient apps are not worth it if they collect too much personal data.,theme_only
t6-t-3,6,,,,,,,t,Tecnologia e ciência,Technology and science,Scientific research should serve social needs before commercial ones.,theme_only
t6-w-1,6,,,,,,,w,Trabalho e estudo,Work and study,Remote work will change what we expect from a career.,theme_only
t6-w-2,6,,,,,,,w,Trabalho e estudo,Work and study,A university degree is no longer the best route to a good job.,theme_only
t6-w-3,6,,,,,,,w,Trabalho e estudo,Work and study,Teenagers should be allowed to work part-time during the school year.,theme_only
